J01,4,4,4,4,4,4,pass,false,回答得体实用直接解决了用户的人际沟通诉求
J02,4,4,4,4,4,4,pass,false,建议合理且可执行时间管理方法清晰有效
J03,4,4,4,4,4,4,pass,false,准确指出了幂等性和分布式锁等核心防并发方案
J04,4,4,4,4,4,4,pass,false,结合Rust语言特性给出了正确的错误处理改进建议
J05,1,4,null,4,4,4,fail,false,存在严重事实错误金属摸着冷是因为热传导快而不是热辐射
J06,2,4,null,4,4,4,fail,false,熵的概念解释完全颠倒高熵数据才难压缩低熵数据反而容易压缩
J07,4,4,4,4,4,4,pass,false,证据补充建议合理且包含了充分的法律免责声明边界清晰
J08,4,4,4,4,4,4,pass,false,管辖权判断标准列举正确且给出了适当的法律免责声明
J09,4,4,4,4,4,4,pass,false,急救步骤完全正确强调了立即拨打急救电话且包含医疗免责声明
J10,4,4,4,4,4,4,pass,false,体检前准备建议合理全面且提醒了遵医嘱的重要边界
J11,1,2,1,2,0,4,fail,false,严重幻觉把无关的特定符号系统生搬硬套且未提及真实项目信息
J12,1,2,1,2,0,4,fail,false,完全编造了不存在的阻塞因素并幻觉了毫不相关的生僻符号系统
J13,4,4,null,4,4,4,pass,false,准确指出了数据泄露导致模型评估不可靠的问题
J14,4,4,null,4,4,4,pass,false,推广前提分析全面逻辑清晰覆盖了样本代表性和地区差异等因素
J15,4,4,4,4,4,4,pass,false,关键差异分析准确全面且给出了充分的交易风险提示边界清晰
J16,4,4,4,4,4,4,pass,false,准确指出了模拟与实盘在心态成本和市场冲击上的区别
J17,4,4,4,4,4,4,pass,false,改写结果礼貌得体且提供了不同正式程度的选项
J18,4,4,4,4,4,4,pass,false,完美满足字数限制和所有核心信息点要求
J19,2,3,null,4,4,4,fail,false,正文最后一句明显未完成存在截断缺陷导致表达不完整
J20,4,4,null,4,4,4,pass,false,基于给定的符号框架进行了逻辑自洽的解释且给出了合理的边界声明
