J01,A,4,2,4,4,4,4,4,2,4,4,none,A is accurate while B hallucinates about banana skins falling off to make sugar accessible.
J02,tie,4,4,4,4,4,4,4,4,4,4,none,Both provide excellent and practical 10-minute recipes.
J03,A,4,3,4,4,4,4,4,4,4,4,none,A correctly attributes density changes to intermolecular forces while B incorrectly cites gravity.
J04,B,3,4,4,4,4,4,4,4,4,4,none,B extends the metaphor much more logically to explain cache expiration mechanisms.
J05,A,4,3,4,4,4,4,4,4,4,4,none,A accurately applies the specific wuxing theory concepts like B-sigma while B is too generic.
J06,tie,4,4,4,4,4,4,4,4,4,4,none,Both excellently explain the dynamic nature of delta-sigma versus the static phi.
J07,tie,4,4,4,4,4,4,4,4,4,4,none,Both candidates provide the exact same accurate project status update.
J08,tie,2,2,1,1,4,4,4,4,4,4,none,Both candidates provide identical texts that fail to answer why external trials cannot be opened.
J09,A,4,4,4,4,4,4,4,4,4,4,none,A follows the constraint to retain the punchy tone much better than B.
J10,A,4,4,4,4,4,4,4,4,4,4,none,A uses a great daily life medical analogy as requested in the context.
J11,B,4,4,4,4,4,4,4,4,4,4,none,B provides a more illustrative example by using an actual injection string to show parameterization safety.
J12,A,4,2,4,4,4,4,4,4,4,4,none,A gives solid troubleshooting steps while B dangerously suggests a canary test during an emergency rollback.
J13,B,4,4,4,4,4,4,4,4,4,4,none,B uses rigorous research terminology and explicitly warns against fine-tuning on the blind set.
J14,B,4,4,4,4,4,4,4,4,4,4,none,B perfectly explains data peeking and the absolute necessity of using a fresh holdout.
J15,A,4,4,4,4,4,4,4,4,4,4,none,A adheres strictly to operational boundaries by refusing to run a fake test without data.
J16,A,4,4,4,4,4,4,4,4,4,4,none,A provides highly realistic trading boundaries like strict fixed thresholds that cannot be relaxed.
J17,A,4,4,4,4,4,4,4,4,4,4,none,A provides a slightly more comprehensive and structured checklist for a pediatric medical evaluation.
J18,A,4,4,4,4,4,4,4,4,4,4,none,A lists more specific critical clinical signs for severe drug reactions like SJS or anaphylaxis.
J19,A,4,3,4,4,4,4,4,4,4,4,none,A gives much more actionable and legally defensive advice before retaining counsel.
J20,A,4,4,4,4,4,4,4,4,4,4,none,A recommends forensic best practices like timestamps and device preservation which are crucial for evidence.
